id,track,album,main_artist,genres,release_date,duration_ms,popularity,added_at,acousticness,speechiness,key,liveness,instrumentalness,energy,tempo,time_signature,loudness,danceability,valence
225xvV8r1yKMHErSWivnow,"I Don't Want to Miss a Thing - From ""Armageddon"" Soundtrack",Armageddon - The Album,Aerosmith,album rock|classic rock|hard rock|rock,1998-06-23,298760,75,2023-01-20T12:23:40Z,0.165,0.0333,2,0.248,0,0.662,121.154,4,-5.162,0.383,0.138
5CQ30WqJwcep0pYcV4AMNc,Stairway to Heaven - Remaster,Led Zeppelin IV (Deluxe Edition),Led Zeppelin,album rock|classic rock|hard rock|rock,1971-11-08,482830,80,2023-01-20T12:23:12Z,0.58,0.0339,9,0.116,0.0032,0.34,82.433,4,-12.049,0.338,0.197
25yQPHgC35WNnnOUqFhgVR,Lucy In The Sky With Diamonds - Remastered 2009,Sgt. Pepper's Lonely Hearts Club Band (Remastered),The Beatles,beatlesque|british invasion|classic rock|merseybeat|psychedelic rock|rock,1967-06-01,208467,68,2023-01-20T12:22:34Z,0.0469,0.0283,2,0.139,0,0.325,65.09,1,-9.042,0.311,0.668
5GjPQ0eI7AgmOnADn1EO6Q,Eleanor Rigby - Remastered 2009,Revolver (Remastered),The Beatles,beatlesque|british invasion|classic rock|merseybeat|psychedelic rock|rock,1966-08-05,126533,69,2023-01-20T12:20:05Z,0.936,0.0381,4,0.305,1.56e-05,0.28,137.831,4,-9.091,0.581,0.813
389QX9Q1eUOEZ19vtzzI9O,While My Guitar Gently Weeps - Remastered 2009,The Beatles (Remastered),The Beatles,beatlesque|british invasion|classic rock|merseybeat|psychedelic rock|rock,1968-11-22,285000,71,2023-01-20T12:19:58Z,0.0205,0.0317,4,0.172,0.00395,0.654,115,4,-8.855,0.453,0.702
7K6xMPtAjTuLPNlJMLf5bS,"Another Brick in the Wall, Pt. 1",The Wall,Pink Floyd,album rock|art rock|classic rock|progressive rock|psychedelic rock|rock|symphonic rock,1979-11-30,192146,64,2023-01-20T12:19:38Z,0.937,0.0337,0,0.0991,0.642,0.0457,99.524,4,-26.398,0.613,0.093
1GEOSS415bZVHNuXWlCT6b,Mother,The Wall,Pink Floyd,album rock|art rock|classic rock|progressive rock|psychedelic rock|rock|symphonic rock,1979-11-30,334893,63,2023-01-20T12:19:35Z,0.243,0.0334,7,0.0825,0.00707,0.15,135.22,4,-17.335,0.578,0.12
3TO7bbrUKrOSPGRTB5MeCz,Time,The Dark Side of the Moon,Pink Floyd,album rock|art rock|classic rock|progressive rock|psychedelic rock|rock|symphonic rock,1973-03-01,413947,72,2023-01-20T12:19:34Z,0.521,0.0841,9,0.178,0.0043,0.48,120.285,4,-11.79,0.359,0.355
7F02x6EKYIQV3VcTaTm7oN,Hey You,The Wall,Pink Floyd,album rock|art rock|classic rock|progressive rock|psychedelic rock|rock|symphonic rock,1979-11-30,278441,68,2023-01-20T12:19:29Z,0.223,0.0293,0,0.128,0.00216,0.302,112.46,4,-14.976,0.587,0.19
1lCRw5FEZ1gPDNPzy1K4zW,We Are The Champions - Remastered 2011,News Of The World (2011 Remaster),Queen,classic rock|glam rock|rock,1977-10-28,179200,75,2023-01-20T12:19:14Z,0.378,0.0346,10,0.118,0,0.459,64.177,4,-6.94,0.268,0.175
2AkmdLbVKS1steeZdy8H1l,I Want To Break Free - Single Remix,The Works (Deluxe Edition 2011 Remaster),Queen,classic rock|glam rock|rock,1984-02-27,258013,76,2023-01-20T12:19:11Z,0.0841,0.0324,4,0.0763,0.00026,0.435,108.95,4,-8.927,0.795,0.596
4u7EnebtmKWzUH433cf5Qv,Bohemian Rhapsody - Remastered 2011,A Night At The Opera (2011 Remaster),Queen,classic rock|glam rock|rock,1975-11-21,354320,82,2023-01-20T12:19:08Z,0.271,0.0499,0,0.3,0,0.404,71.105,4,-9.928,0.414,0.224
2fuCquhmrzHpu5xcA1ci9x,Under Pressure - Remastered 2011,Hot Space (2011 Remaster),Queen,classic rock|glam rock|rock,1982-05-03,248440,80,2023-01-20T12:19:07Z,0.429,0.0476,2,0.103,0,0.712,113.805,4,-7.815,0.671,0.462
1Ud6moTC0KyXMq1Oxfien0,Sympathy For The Devil - 50th Anniversary Edition,Beggars Banquet (50th Anniversary Edition),The Rolling Stones,british invasion|classic rock|rock,1968-12-06,378147,74,2023-01-20T12:18:52Z,0.518,0.214,9,0.0588,0,0.668,116.063,4,-9.237,0.702,0.561
63T7DJ1AFDD6Bn8VzG6JE8,"Paint It, Black",Aftermath,The Rolling Stones,british invasion|classic rock|rock,1966-04-15,202267,83,2023-01-20T12:18:48Z,0.0493,0.0926,1,0.399,0.00244,0.795,158.691,4,-9.267,0.464,0.612
37ZJ0p5Jm13JPevGcx4SkF,Livin' On A Prayer,Slippery When Wet,Bon Jovi,glam metal|rock,1986-08-16,249293,85,2023-01-20T12:18:22Z,0.0778,0.0335,0,0.294,0.000214,0.887,122.511,4,-3.757,0.532,0.795
08JSatvoYTwDDkMov7oHKA,Pais E Filhos - Ao Vivo Em São Paulo / 1999,Acústico (Ao Vivo Em São Paulo / 1999),Legião Urbana,brazilian rock|mpb|rock brasiliense|rock nacional brasileiro,1999-06-23,379307,50,2023-01-20T12:18:08Z,0.552,0.084,7,0.582,0,0.495,88.329,4,-8.866,0.658,0.612
6tFiwRosuePm2v0DQTyGpj,Tarde Vazia (feat. Samuel Rosa) - Versão Acústica,Acústico Ira!,Ira!,brazilian rock|mpb|pop rock brasileiro|rock nacional brasileiro,2004-11-15,258267,62,2023-01-20T12:17:59Z,0.174,0.0389,2,0.755,0,0.847,132.97,4,-5.352,0.347,0.351
76BVOZqKOZrTrRxMa4WJbD,A Dois Passos Do Paraíso,Com Você,Blitz,rock nacional brasileiro,1994-06-02,207679,59,2023-01-20T12:17:08Z,0.402,0.055,7,0.0868,0,0.53,59.953,4,-9.622,0.58,0.537
7MFq7ihwl8ZolUaPCc4sKh,Família,Titãs - iCollection,Titãs,brazilian rock|hard rock brasileiro|mpb|pop rock brasileiro|rock nacional brasileiro|rock piauiense,2015-09-04,213267,45,2023-01-20T12:16:51Z,0.0531,0.0772,2,0.0669,0.00159,0.651,94.963,4,-11.015,0.798,0.964
3j7dPWGbvPBTLWiYvXOS95,Bete Balanço,Melhores Momentos,Barão Vermelho,brazilian rock|mpb|rock nacional brasileiro,1985,213933,48,2023-01-20T12:16:47Z,0.426,0.0384,11,0.0761,0.00147,0.717,116.928,4,-9.143,0.779,0.899
2gpQT3UwG8hR3CYEjcnTc4,Baby,Baby,Tim Bernardes,nova mpb,2021-01-08,237150,49,2023-01-20T12:15:44Z,0.734,0.0374,0,0.184,1.36e-05,0.228,125.999,1,-11.518,0.443,0.291
76bcaYeKOKTrj9lEc9BZFU,Quando Bate Aquela Saudade,Pearl,Rubel,folk brasileiro|nova mpb|nova musica carioca,2015-01-16,394707,65,2023-01-20T12:15:03Z,0.895,0.0326,7,0.188,0.0107,0.314,90.088,4,-14.133,0.55,0.595
5U28PY9MekLyCBYtLHGQpe,Meu Abrigo,Melim,Melim,mpb|nova mpb|pop nacional,2018-06-08,231474,70,2023-01-20T12:13:48Z,0.214,0.0304,3,0.125,0,0.572,92.011,4,-7.527,0.658,0.741
2LOIoeI16A8jjKubPKoCSa,"Amarelo, azul e branco",COR,ANAVITÓRIA,folk brasileiro|nova mpb|pop lgbtq+ brasileira|pop nacional,2021-01-01,201453,63,2023-01-20T12:13:36Z,0.125,0.0746,6,0.0883,3.31e-05,0.542,100.884,4,-8.359,0.589,0.327
1PQRwFvNM7xV65bIkHmDtx,Partilhar,Partilhar,Rubel,folk brasileiro|nova mpb|nova musica carioca,2019-11-11,262552,65,2023-01-20T12:13:27Z,0.47,0.0395,7,0.114,0,0.533,123.959,4,-6.386,0.617,0.589
2vRBYKWOyHtFMtiK60qRz7,Trevo (Tu),ANAVITÓRIA,ANAVITÓRIA,folk brasileiro|nova mpb|pop lgbtq+ brasileira|pop nacional,2016-08-18,205468,68,2023-01-20T12:13:25Z,0.877,0.0266,10,0.165,0.000132,0.374,99.825,4,-8.201,0.676,0.2
05QeyKGAn4TZrv41tMiD1A,Trem-Bala,Trem-Bala,Ana Vilela,mpb|nova mpb,2017-05-12,180319,63,2023-01-20T12:13:10Z,0.85,0.0324,11,0.101,0,0.318,93.344,4,-9.474,0.45,0.492
4owo0j5bw45IqiHxsTzcd6,Amei Te Ver,Troco Likes,TIAGO IORC,brazilian rock|folk brasileiro|mpb|nova mpb,2015-07-10,257847,61,2023-01-20T12:12:45Z,0.0582,0.0314,0,0.335,1.79e-06,0.588,90.034,4,-7.201,0.772,0.668
3ovjw5HZZv43SxTwApooCM,Wind Of Change,Crazy World,Scorpions,album rock|german hard rock|german metal|german rock|hard rock|metal|rock,1990-01-01,312360,80,2023-01-20T12:12:27Z,0.315,0.0351,0,0.103,0,0.524,151.505,4,-10.108,0.452,0.246
0RdUX4WE0fO30VnlUbDVL6,Still Loving You,Comeblack,Scorpions,album rock|german hard rock|german metal|german rock|hard rock|metal|rock,2011-11-07,403453,74,2023-01-20T12:12:25Z,0.0047,0.0294,6,0.103,0.00144,0.605,103.929,4,-4.916,0.282,0.0783
08mG3Y1vljYA6bvDt4Wqkj,Back In Black,Back In Black,AC/DC,australian rock|hard rock|rock,1980-07-25,255493,84,2023-01-20T12:12:06Z,0.011,0.047,9,0.0828,0.00965,0.7,188.386,4,-5.678,0.31,0.763
7o2CTH4ctstm8TNelqjb51,Sweet Child O' Mine,Appetite For Destruction,Guns N' Roses,glam metal|hard rock|rock,1987-07-21,354520,84,2023-01-20T12:11:43Z,0.0866,0.0448,6,0.116,0.0996,0.91,125.116,4,-7.766,0.454,0.629
4JiEyzf0Md7KEFFGWDDdCr,Knockin' On Heaven's Door,Use Your Illusion II,Guns N' Roses,glam metal|hard rock|rock,1991-09-18,336000,79,2023-01-20T12:11:41Z,0.0211,0.0415,6,0.106,0.00444,0.739,132.41,4,-7.193,0.496,0.378
4OROzZUy6gOWN4UGQVaZMF,The Trooper - 2015 Remaster,Piece of Mind (2015 Remaster),Iron Maiden,hard rock|metal|nwobhm|rock,1983,252733,75,2023-01-20T12:10:56Z,0.0318,0.0705,4,0.311,0.00909,0.908,159.756,4,-4.601,0.285,0.669
3rOAvCpQruEQFinyurdmmz,Eu Sei,Que Pais E Este,Legião Urbana,brazilian rock|mpb|rock brasiliense|rock nacional brasileiro,1987,191000,61,2023-01-20T12:10:32Z,7.92e-05,0.0264,4,0.104,0.0114,0.504,96.056,4,-13.362,0.525,0.465
7uscfoAoI65JcSY4NyHg1t,Ainda É Cedo,Legião Urbana,Legião Urbana,brazilian rock|mpb|rock brasiliense|rock nacional brasileiro,1985-01-01,237733,61,2023-01-20T12:10:30Z,0.32,0.0388,2,0.0861,0.00093,0.675,148.336,4,-10.39,0.612,0.803
5VMNUUiQ5FgS3wCTG8uy0F,Linda Demais,Roupa Nova - 1985,Roupa Nova,axe|mpb|pagode|pop nacional antigas|sertanejo,1985-08-22,282867,51,2023-01-20T12:09:47Z,0.42,0.0305,0,0.178,0,0.672,134.5,4,-7.343,0.509,0.531
6kpMG24Ov1GM8sYlm3v0GR,Sapato Velho,Roupa Nova (1981),Roupa Nova,axe|mpb|pagode|pop nacional antigas|sertanejo,1981-01-01,240360,52,2023-01-20T12:09:40Z,0.36,0.0521,9,0.324,0,0.659,170.895,3,-7.186,0.253,0.348
4Bd8jSFBXHC1K7JAKW9Ojm,Dona,Roupa Nova - 1985,Roupa Nova,axe|mpb|pagode|pop nacional antigas|sertanejo,1985-08-22,242733,57,2023-01-20T12:09:39Z,0.724,0.0343,7,0.505,0,0.475,139.213,3,-9.565,0.489,0.307
2BnJUYbPtL3yauZKmay0ko,Whisky a Go-Go,Roupa Nova - 1984,Roupa Nova,axe|mpb|pagode|pop nacional antigas|sertanejo,1985-08-22,249160,61,2023-01-20T12:09:37Z,0.436,0.045,3,0.958,0.00129,0.957,135.154,4,-6.886,0.588,0.884
6sKopGG4r21ObTE8V6pD6x,Força Estranha,Gal Tropical,Gal Costa,bossa nova|mpb|samba|tropicalia,1979-01-08,214693,59,2023-01-20T12:08:56Z,0.87,0.0502,7,0.088,0,0.12,60.761,3,-12.805,0.6,0.439
7aQWuNqheTpisZfM0gP2oG,Velha Roupa Colorida,Falso Brilhante,Elis Regina,bossa nova|brazilian jazz|mpb|samba,1976-01-05,254200,49,2023-01-20T12:08:28Z,0.543,0.0449,2,0.0525,0,0.801,101.666,4,-5.831,0.498,0.923
2ZC8sdv4Kvuql7Q9T8Agzv,Como Nossos Pais,Falso Brilhante,Elis Regina,bossa nova|brazilian jazz|mpb|samba,1976-01-05,261600,65,2023-01-20T12:08:20Z,0.302,0.0821,2,0.0734,0,0.498,143.719,3,-7.658,0.491,0.478
15ouqiBsgL12olEwP3COsH,Águas De Março,Elis & Tom,Elis Regina,bossa nova|brazilian jazz|mpb|samba,1974-06-17,214366,65,2023-01-20T12:08:19Z,0.865,0.129,3,0.123,2.97e-06,0.393,143.801,4,-13.392,0.654,0.533
0BoCuzEjDEcULyknBHf3Ii,Como Nossos Pais,Alucinacao,Belchior,bossa nova|mpb|samba,1976-01-01,280107,51,2023-01-20T12:03:50Z,0.676,0.0524,9,0.0797,0,0.259,95.093,4,-17.532,0.549,0.541
1rQ0viTAi8pxDy53iNvKNn,A Palo Seco,Belchior Acústico,Belchior,bossa nova|mpb|samba,2005,155960,59,2023-01-20T12:03:42Z,0.877,0.0415,7,0.08,9.63e-05,0.37,121.849,4,-6.164,0.606,0.47
7oo3L1ZPEQSavDVSnlOvDa,Apenas Um Rapaz Latino Americano,Alucinacao,Belchior,bossa nova|mpb|samba,1976-01-01,258027,59,2023-01-20T12:03:40Z,0.54,0.0425,4,0.0736,0,0.333,107.895,4,-17.687,0.567,0.53
6MOEQCtAWNSCmvg3SFKF5y,Season of the Witch,Sunshine Superman,Donovan,art rock|british folk|british invasion|classic rock|country rock|folk|folk rock|glam rock|mellow gold|psychedelic folk|psychedelic rock|rock|roots rock|scottish singer-songwriter|singer-songwriter,1966-09,293933,61,2023-01-20T12:02:57Z,0.159,0.0288,2,0.0612,0.00957,0.513,99.735,4,-10.762,0.516,0.694
6QhXQOpyYvbpdbyjgAqKdY,Cecilia,Bridge Over Troubled Water,Simon & Garfunkel,classic rock|folk|folk rock|melancholia|mellow gold|rock,1970-01-26,174827,74,2023-01-20T12:02:25Z,0.357,0.0362,0,0.22,5.17e-06,0.876,102.762,4,-8.867,0.755,0.954
5y788ya4NvwhBznoDIcXwK,The Sound of Silence - Acoustic Version,"Wednesday Morning, 3 A.M.",Simon & Garfunkel,classic rock|folk|folk rock|melancholia|mellow gold|rock,1964-10-19,185413,74,2023-01-20T12:01:27Z,0.837,0.0301,6,0.107,0,0.216,106.761,4,-13.551,0.525,0.328
3RkQ3UwOyPqpIiIvGVewuU,Mr. Tambourine Man,Bringing It All Back Home,Bob Dylan,classic rock|country rock|folk|folk rock|indie r&b|rock|roots rock|singer-songwriter,1965-03-22,330533,64,2023-01-20T12:01:09Z,0.794,0.0676,5,0.379,0,0.31,177.515,4,-14.545,0.39,0.584
1lqMLr9Wj7SM2F9AikGcxN,Hurricane,Desire,Bob Dylan,classic rock|country rock|folk|folk rock|indie r&b|rock|roots rock|singer-songwriter,1976-01-16,512733,68,2023-01-20T12:01:04Z,0.0409,0.0782,0,0.12,0,0.827,135.601,4,-7.715,0.509,0.743
18GiV1BaXzPVYpp9rmOg0E,Blowin' in the Wind,The Freewheelin' Bob Dylan,Bob Dylan,classic rock|country rock|folk|folk rock|indie r&b|rock|roots rock|singer-songwriter,1963-05-27,165427,69,2023-01-20T12:01:02Z,0.914,0.0509,2,0.0605,2.32e-05,0.0993,174.874,4,-20.567,0.38,0.44
3AhXZa8sUQht0UEdBJgpGc,Like a Rolling Stone,Highway 61 Revisited,Bob Dylan,classic rock|country rock|folk|folk rock|indie r&b|rock|roots rock|singer-songwriter,1965-08-30,369600,70,2023-01-20T12:01:01Z,0.731,0.0321,0,0.189,0,0.721,95.263,4,-6.839,0.482,0.557
6HSXNV0b4M4cLJ7ljgVVeh,Knockin' On Heaven's Door,Pat Garrett & Billy The Kid (Soundtrack From The Motion Picture),Bob Dylan,classic rock|country rock|folk|folk rock|indie r&b|rock|roots rock|singer-songwriter,1973-07-13,149880,74,2023-01-20T12:00:59Z,0.251,0.0299,7,0.11,0.177,0.396,140.208,4,-13.061,0.513,0.229
4pbG9SUmWIvsROVLF0zF9s,I Want To Hold Your Hand - Remastered 2015,1 (Remastered),The Beatles,beatlesque|british invasion|classic rock|merseybeat|psychedelic rock|rock,2000-11-13,145747,74,2023-01-20T12:00:29Z,0.386,0.0476,7,0.311,0,0.715,130.726,4,-5.549,0.49,0.866
5ZBeML7Lf3FMEVviTyvi8l,Twist And Shout - Remastered 2009,Please Please Me (Remastered),The Beatles,beatlesque|british invasion|classic rock|merseybeat|psychedelic rock|rock,1963-03-22,155227,76,2023-01-20T12:00:23Z,0.641,0.0452,2,0.0414,7.74e-06,0.849,124.631,4,-9.198,0.482,0.937
3M8AMfVZ97l2FAPCiWDvoM,O Papa É Pop - Ao Vivo,Acústico (Ao Vivo / Deluxe),Engenheiros Do Hawaii,brazilian rock|mpb|pop rock brasileiro|rock gaucho|rock nacional brasileiro,2015-06-16,205800,60,2023-01-20T11:59:42Z,0.177,0.0556,4,0.975,5.94e-06,0.849,98.19,4,-7.594,0.656,0.497
5HDlh6UhT3AMQs935wE1qr,"Era um Garoto, Que Como Eu, Amava os Beatles e os Rolling Stones",O Papa É Pop,Engenheiros Do Hawaii,brazilian rock|mpb|pop rock brasileiro|rock gaucho|rock nacional brasileiro,1990-10-22,265040,61,2023-01-20T11:59:40Z,0.0409,0.0258,6,0.0838,7.11e-06,0.7,131.885,4,-5.42,0.568,0.571
0v1fLMHpMqsh6AiAGQ9Dam,O Sol,Até Onde Vai,Jota Quest,axe|brazilian rock|mpb|pop rock brasileiro|rock mineiro|rock nacional brasileiro,2005-09-16,258680,59,2023-01-20T11:59:18Z,0.0227,0.0403,9,0.336,0,0.916,160.024,4,-4.655,0.531,0.896
5rhijzoJmc7ZdnEgBS58Wh,Fácil,De Volta Ao Planeta,Jota Quest,axe|brazilian rock|mpb|pop rock brasileiro|rock mineiro|rock nacional brasileiro,1998-06-01,318627,60,2023-01-20T11:59:16Z,0.143,0.0306,7,0.0553,1.2e-05,0.903,101.93,4,-3.938,0.655,0.624
1sClAsuPNqEaza29NcaJKP,Só Hoje,Discotecagem Pop Variada,Jota Quest,axe|brazilian rock|mpb|pop rock brasileiro|rock mineiro|rock nacional brasileiro,2002-06-15,211360,65,2023-01-20T11:59:11Z,0.154,0.0366,7,0.103,0,0.742,144.183,4,-5.333,0.539,0.556
1TIvODlICRKM5uhbKbNFGA,Tempos Modernos,Lulu Acústico,Lulu Santos,brazilian rock|mpb|pop nacional,2000-12-02,224907,65,2023-01-20T11:58:57Z,0.0564,0.029,5,0.965,0,0.638,125.867,4,-8.235,0.604,0.784
4s6qyTWg5r4EyOi2QIwM9g,Ideologia,Ideologia,Cazuza,brazilian rock|mpb|rock nacional brasileiro,1988-01-01,245200,59,2023-01-20T11:58:26Z,0.0945,0.0322,10,0.0841,6.65e-06,0.732,132.111,4,-10.8,0.606,0.727
4d0DpU7Odiv0ztvX2GxJlk,Exagerado,Exagerado,Cazuza,brazilian rock|mpb|rock nacional brasileiro,1985,223400,68,2023-01-20T11:58:23Z,0.0874,0.0307,7,0.615,0.0161,0.663,136.388,4,-7.726,0.678,0.822
2PIHTeccvbpmrSeYrlWkfx,Malandragem - Ao Vivo,Acústico (Ao Vivo),Cássia Eller,brazilian rock|mpb|nova mpb,2001-01-15,240799,63,2023-01-20T11:58:13Z,0.281,0.101,0,0.768,0,0.921,135.261,4,-6.532,0.673,0.761
1EQ8sBQ7Abv9DvNBzhXAcv,Pra Você Guardei O Amor,Dres,Nando Reis,brazilian rock|mpb|pop rock brasileiro,2009-01-01,343813,70,2023-01-20T11:57:44Z,0.837,0.0388,2,0.207,0,0.386,91.615,4,-9.189,0.485,0.354
3g5FrnRdbmDQyWNiDIprts,All Star - Ao Vivo,"Nando Reis - Voz e Violão - No Recreio, Vol. 1 (Ao Vivo)",Nando Reis,brazilian rock|mpb|pop rock brasileiro,2015-11-27,233613,66,2023-01-20T11:57:42Z,0.889,0.0492,9,0.714,2.63e-06,0.391,138.094,4,-10.4,0.512,0.277
4CpwoEs39CydHJuTCl9kfm,Por Onde Andei - Ao Vivo,Ao Vivo (Live),Nando Reis,brazilian rock|mpb|pop rock brasileiro,2004-06-16,251933,65,2023-01-20T11:57:41Z,0.375,0.0336,0,0.725,1.73e-05,0.791,86.255,4,-4.995,0.304,0.385
6HhXiy5XZ81Pyv3yCZMtj1,Relicário - Ao Vivo,Acústico (Ao Vivo),Cássia Eller,brazilian rock|mpb|nova mpb,2001-01-15,246493,66,2023-01-20T11:57:39Z,0.53,0.036,2,0.186,0,0.7,165.642,4,-6.567,0.3,0.398
4gqxE2PMdk6HvZKEqsQ8YE,Por Você - Ao Vivo,Frejat Ao Vivo No Rock In Rio,Frejat,brazilian rock|mpb|rock nacional brasileiro,2012-07-10,215253,62,2023-01-20T11:57:29Z,0.598,0.0494,4,0.364,0,0.697,130.699,4,-7.059,0.383,0.226
2EjGS0YJPaf3C4TCmJddGL,Pro Dia Nascer Feliz,Pro Dia Nascer Feliz,Jetlag Music,brazilian edm,2019-12-16,203226,50,2023-01-20T11:57:27Z,0.164,0.0881,9,0.113,0,0.847,124.017,4,-6.544,0.67,0.589
0YtD2P3M3d56pv0OkNpsHl,Amor pra recomeçar,Amor pra Recomeçar,Frejat,brazilian rock|mpb|rock nacional brasileiro,2001-01-01,214627,61,2023-01-20T11:57:24Z,0.215,0.0363,7,0.337,0,0.856,120.528,4,-4.994,0.564,0.726
1oar565TIGGsQXjAMoCJdK,Olhar 43,Revoluções por Minuto,RPM,brazilian rock|pop nacional antigas|rock nacional brasileiro,1984,183907,61,2023-01-20T11:56:59Z,0.395,0.0473,3,0.0506,5.39e-05,0.663,82.052,4,-11.804,0.686,0.96
1qHL7rYl0iqGC2E8fxA8IW,Múmias / Música Incidental: Wrap,80,Biquini Cavadão,brazilian rock|brazilian ska|mpb|pop rock brasileiro|rock nacional brasileiro,2001-01-01,239467,46,2023-01-20T11:56:43Z,0.0339,0.0394,7,0.134,6.44e-05,0.818,90.071,4,-4.465,0.69,0.523
5aXZQCUn2AyK6pRYJTIsEL,Vento Ventania,1985/2007 Sucessos Regravados (Vol. 2),Biquini Cavadão,brazilian rock|brazilian ska|mpb|pop rock brasileiro|rock nacional brasileiro,2007-12-05,211707,62,2023-01-20T11:56:41Z,0.161,0.039,11,0.101,3.17e-06,0.836,98.01,4,-5.083,0.791,0.975
6ufP2MQuUZ2s3PFXVGE6Bd,À Sua Maneira (De Música Ligeira),Rosas e Vinho Tinto,Capital Inicial,brazilian rock|mpb|pop rock brasileiro|rock brasiliense|rock nacional brasileiro,2002,301467,61,2023-01-20T11:56:15Z,0.00581,0.0264,11,0.39,6.84e-05,0.762,110.01,4,-6.017,0.628,0.247
2IcsM3hXMRpN6ZGEvwdqxU,Primeiros Erros (Chove) (feat. Kiko Zambianchi) - Ao Vivo,Acústico Capital Inicial,Capital Inicial,brazilian rock|mpb|pop rock brasileiro|rock brasiliense|rock nacional brasileiro,2000,244267,67,2023-01-20T11:56:11Z,0.142,0.0283,2,0.742,7.65e-06,0.67,119.946,4,-7.694,0.544,0.24
2wtnWkmyE2ivwmDyVfJ8N5,Ainda Gosto Dela,Estandarte,Skank,brazilian rock|latin alternative|manguebeat|mpb|pop rock brasileiro|rock mineiro|rock nacional brasileiro,2008,313107,59,2023-01-20T11:55:56Z,0.0496,0.0265,11,0.0928,3.11e-06,0.761,122.002,4,-6.71,0.693,0.718
4vylvWmzkARLasyWiAMo2I,Jackie Tequila,Calango,Skank,brazilian rock|latin alternative|manguebeat|mpb|pop rock brasileiro|rock mineiro|rock nacional brasileiro,1994-10-15,250267,60,2023-01-20T11:55:54Z,0.021,0.213,0,0.06,4.19e-06,0.476,148.29,4,-11.519,0.823,0.956
7DoBn08dqKS9MmtZiZChVD,Garota Nacional,O Samba Poconé,Skank,brazilian rock|latin alternative|manguebeat|mpb|pop rock brasileiro|rock mineiro|rock nacional brasileiro,1996-06-15,317400,62,2023-01-20T11:55:45Z,0.00396,0.0342,0,0.113,0.000114,0.769,130.108,4,-5.087,0.86,0.808
7dxK6RSoCWZcb5gobxs1h9,Vamos Fugir,Radiola,Skank,brazilian rock|latin alternative|manguebeat|mpb|pop rock brasileiro|rock mineiro|rock nacional brasileiro,2004-10-01,240133,68,2023-01-20T11:55:40Z,0.191,0.0358,6,0.0846,0,0.751,135.989,4,-5.66,0.6,0.73
4pG8lbKPKkfGSniMXxZTM7,Sutilmente,Estandarte,Skank,brazilian rock|latin alternative|manguebeat|mpb|pop rock brasileiro|rock mineiro|rock nacional brasileiro,2008,242507,68,2023-01-20T11:55:39Z,0.745,0.0241,6,0.0624,2.88e-05,0.632,100.002,4,-7.254,0.587,0.459
7pn5QXr2LTeGsgHyCaJxDo,Meu Erro,O Passo Do Lui,Os Paralamas Do Sucesso,brazilian rock|latin alternative|latin rock|mpb|rock nacional brasileiro,1984,208627,66,2023-01-20T11:55:28Z,0.0879,0.0283,9,0.1,0.0197,0.742,104.339,4,-6.778,0.762,0.91
3uezVXXzZZUCjqPRC9JA6u,Lanterna Dos Afogados,Big Bang,Os Paralamas Do Sucesso,brazilian rock|latin alternative|latin rock|mpb|rock nacional brasileiro,1989-01-01,189533,66,2023-01-20T11:55:27Z,0.128,0.0255,11,0.0966,0.00484,0.596,113.278,4,-8.503,0.716,0.487
0NFVg74sSsdU1gNc9xfpIO,Aonde Quer Que Eu Vá,Arquivo II 1991 - 2000,Os Paralamas Do Sucesso,brazilian rock|latin alternative|latin rock|mpb|rock nacional brasileiro,2000-01-01,257333,67,2023-01-20T11:55:26Z,0.509,0.0273,0,0.101,0.303,0.537,78.049,4,-7.972,0.6,0.316
4AwNUVU4h3QmUMHIbzurRa,Envelheço na cidade,Dose Dupla Ira!,Ira!,brazilian rock|mpb|pop rock brasileiro|rock nacional brasileiro,2012-02-29,197080,57,2023-01-20T11:55:13Z,0.000501,0.028,2,0.323,6.29e-05,0.802,117.184,4,-6.334,0.61,0.645
2xckrIKkbwKNIQvnhZ56bR,Eu Quero Sempre Mais (feat. Pitty) - Versão Acústica,Acústico Ira!,Ira!,brazilian rock|mpb|pop rock brasileiro|rock nacional brasileiro,2004-11-15,232907,57,2023-01-20T11:55:12Z,0.129,0.0285,0,0.777,0,0.937,132.778,4,-4.204,0.667,0.933
1FkoVC85Ds3mFoK0fVqEqP,Self Esteem,Smash,The Offspring,alternative metal|permanent wave|punk|rock|skate punk|socal pop punk,1994-04-08,257827,77,2023-01-20T11:11:40Z,0.0204,0.0476,0,0.359,0,0.862,104.56,4,-7.595,0.488,0.706
48UPSzbZjgc449aqz8bxox,Californication,Californication (Deluxe Edition),Red Hot Chili Peppers,alternative rock|funk metal|funk rock|permanent wave,1999-06-08,329733,83,2023-01-20T11:10:26Z,0.0021,0.027,9,0.127,0.00165,0.767,96.483,4,-2.788,0.592,0.328
5dRQUolXAVX3BbCiIxmSsf,Your Love,Super Hits,The Outfield,album rock|mellow gold|new wave pop|pop rock|power pop|soft rock,1985,221840,72,2023-01-20T11:05:07Z,0.103,0.0601,1,0.0631,1.16e-06,0.757,129.607,4,-7.868,0.555,0.582
4CeeEOM32jQcH3eN9Q2dGj,Smells Like Teen Spirit,Nevermind (Remastered),Nirvana,alternative rock|grunge|permanent wave|rock,1991-09-26,301920,83,2023-01-20T11:02:46Z,2.55e-05,0.0564,1,0.106,0.000173,0.912,116.761,4,-4.556,0.502,0.72
40XeGNGFchGYw7y0ue1GiG,Don’t Let Me Down - First Rooftop Performance,Let It Be (Super Deluxe),The Beatles,beatlesque|british invasion|classic rock|merseybeat|psychedelic rock|rock,2021-10-15,209453,53,2023-01-20T10:56:19Z,0.699,0.0493,4,0.094,0.000156,0.502,163.347,4,-7.539,0.455,0.674
0W35nxtHtFlseSojmygEsf,War Pigs,Paranoid (2009 Remastered Version),Black Sabbath,album rock|birmingham metal|classic rock|hard rock|metal|rock|stoner rock|uk doom metal,1970-09-18,474400,69,2023-01-20T10:29:23Z,0.116,0.0591,9,0.171,0.00559,0.612,91.499,4,-12.019,0.464,0.496
0TI8TP4FitVPoEHPTySx48,Iron Man,Paranoid (2009 Remastered Version),Black Sabbath,album rock|birmingham metal|classic rock|hard rock|metal|rock|stoner rock|uk doom metal,1970-09-18,354774,72,2023-01-20T10:27:08Z,0.00367,0.0765,9,0.0372,0.00413,0.769,157.378,4,-11.503,0.332,0.525
2fDHuS1PTkHBbCWWZF1ph9,"Folsom Prison Blues - Live at Folsom State Prison, Folsom, CA - January 1968",At Folsom Prison,Johnny Cash,arkansas country|outlaw country,1968-05-01,162653,70,2023-01-20T10:23:41Z,0.0652,0.0803,0,0.893,0.00199,0.524,110.586,4,-15.269,0.621,0.889
28cnXtME493VX9NOw9cIUh,Hurt,American IV: The Man Comes Around,Johnny Cash,arkansas country|outlaw country,2002-01-01,216533,75,2023-01-20T10:13:37Z,0.649,0.0267,9,0.0948,0.000227,0.392,90.379,4,-7.636,0.534,0.163
62oNfnQqObaqARM0DTibAL,N.I.B.,Black Sabbath (2009 Remastered Version),Black Sabbath,album rock|birmingham metal|classic rock|hard rock|metal|rock|stoner rock|uk doom metal,1970-02-13,364493,64,2023-01-20T10:07:47Z,0.0838,0.0646,4,0.125,1.59e-05,0.556,103.122,4,-10.586,0.476,0.43
1jzDzZWeSDBg5fhNc3tczV,Paranoid,Paranoid (2009 Remastered Version),Black Sabbath,album rock|birmingham metal|classic rock|hard rock|metal|rock|stoner rock|uk doom metal,1970-09-18,168440,81,2023-01-20T10:03:06Z,7.85e-05,0.0769,4,0.175,0.00411,0.631,162.734,4,-11.514,0.429,0.376
07a1J2uRD2t472wexsazmo,Smoke on the Water (1989 Original Mix),Smoke On The Water,Rock Aid Armenia,musical advocacy,2017-12-20,352987,37,2023-01-19T19:53:49Z,0.000726,0.0405,5,0.103,0.0022,0.918,124.355,4,-4.026,0.374,0.592
5iM1d3XfIwIYJMjUJhrce3,Volver A Los 17,Geraes,Milton Nascimento,bossa nova|mpb|musica popular mineira,1976-05-03,305067,43,2023-01-12T11:34:36Z,0.785,0.0456,9,0.111,0,0.179,103.667,3,-12.89,0.567,0.2
7adPN1ZcvpByMsQaZiVNqo,Maior,Dilúvio,Dani Black,nova mpb,2015-08-11,299095,43,2023-01-12T11:25:05Z,0.799,0.0511,2,0.0675,0,0.419,174.374,4,-8.538,0.349,0.346
3YbnOI0laocMLOQ4FEfXFl,Canto Do Povo De Um Lugar / Um Tom - Ao Vivo,Ofertório (Ao Vivo),Caetano Veloso,bossa nova|mpb|samba de roda|tropicalia,2018-05-25,227108,31,2023-01-06T19:38:08Z,0.973,0.0634,7,0.7,0.0356,0.138,82.631,4,-18.859,0.422,0.328
0gbhJ9VIFskEEHYkDyX4X1,"Another Brick In The Wall, Pt. 1 - 2011 Remastered Version",The Wall [2011 - Remaster] (2011 Remastered Version),Pink Floyd,album rock|art rock|classic rock|progressive rock|psychedelic rock|rock|symphonic rock,1979-11-30,192146,0,2022-12-17T21:04:37Z,0.937,0.0344,0,0.0991,0.641,0.0457,99.48,4,-26.401,0.617,0.0967
6p8eFfPw3nQkf37aT3AkmK,Fear of the Dark - 2015 Remaster,Fear of the Dark (2015 Remaster),Iron Maiden,hard rock|metal|nwobhm|rock,1992,438120,72,2022-12-06T18:22:01Z,0.000739,0.059,2,0.232,0.00141,0.866,109.825,4,-5.671,0.308,0.227
5Kayf37CYgsWqgkWMTHZPu,Os Cegos do Castelo - Ao Vivo,Acústico MTV,Titãs,brazilian rock|hard rock brasileiro|mpb|pop rock brasileiro|rock nacional brasileiro|rock piauiense,1997-09-22,296773,61,2022-11-10T13:14:49Z,0.0741,0.0365,5,0.698,0.000278,0.848,89.169,4,-8.234,0.57,0.632
59IO6bLQIcRlgcSNgKHxDV,O pulso,Õ Blesq Blom,Titãs,brazilian rock|hard rock brasileiro|mpb|pop rock brasileiro|rock nacional brasileiro|rock piauiense,1989-12-20,164800,33,2022-11-10T13:14:44Z,0.0284,0.0687,9,0.103,6.27e-05,0.305,125.276,4,-13.244,0.784,0.777
2oAkehvjylOAggGLPeVXYa,Flores,Õ Blesq Blom,Titãs,brazilian rock|hard rock brasileiro|mpb|pop rock brasileiro|rock nacional brasileiro|rock piauiense,1989-12-20,207600,37,2022-11-10T13:14:42Z,0.000903,0.0319,9,0.101,2.23e-05,0.691,144.417,4,-11.807,0.501,0.942
2PRfyZn7ikN2xtowqUIJ9M,Comida,Jesus Não Tem Dentes No País Dos Banguelas,Titãs,brazilian rock|hard rock brasileiro|mpb|pop rock brasileiro|rock nacional brasileiro|rock piauiense,1987,235667,41,2022-11-10T13:14:34Z,0.21,0.0703,11,0.0577,0.000741,0.753,116.127,4,-7.983,0.842,0.827
2yruHlh8qTlfVWPeN7HLfz,Bichos escrotos,Cabeça Dinossauro,Titãs,brazilian rock|hard rock brasileiro|mpb|pop rock brasileiro|rock nacional brasileiro|rock piauiense,1986-06-25,195173,42,2022-11-10T13:14:31Z,0.00527,0.0493,0,0.0826,0.000244,0.858,144.632,4,-12.67,0.586,0.812
36MTiIMLW5v70S5cZIWRm3,Polícia,Cabeça Dinossauro,Titãs,brazilian rock|hard rock brasileiro|mpb|pop rock brasileiro|rock nacional brasileiro|rock piauiense,1986-06-25,128933,37,2022-11-10T13:14:25Z,0.0124,0.0312,9,0.316,0,0.804,99.693,4,-11.551,0.627,0.851
43JNWKZF38EUl5Z4xQNdlD,Aa uu,Cabeça Dinossauro,Titãs,brazilian rock|hard rock brasileiro|mpb|pop rock brasileiro|rock nacional brasileiro|rock piauiense,1986-06-25,183867,36,2022-11-10T13:14:23Z,0.0367,0.0329,4,0.0748,0.368,0.745,135.699,4,-11.976,0.698,0.854
3iSmEacr24vUxitXq3e6cN,Televisão,Televisão,Titãs,brazilian rock|hard rock brasileiro|mpb|pop rock brasileiro|rock nacional brasileiro|rock piauiense,1984-05-30,223800,38,2022-11-10T13:14:17Z,0.124,0.121,1,0.0731,1.57e-06,0.81,162.986,4,-9.545,0.618,0.904
0t6WbXD9u6rnXseu9YcWqk,É preciso saber viver,Volume 02,Titãs,brazilian rock|hard rock brasileiro|mpb|pop rock brasileiro|rock nacional brasileiro|rock piauiense,1998-10-09,251027,57,2022-11-10T13:14:14Z,0.141,0.0265,2,0.161,1.43e-06,0.747,89.13,4,-5.412,0.519,0.751
14KOeXXATG254aCQ6vbDwQ,Não vou me adaptar,Volume 02,Titãs,brazilian rock|hard rock brasileiro|mpb|pop rock brasileiro|rock nacional brasileiro|rock piauiense,1998-10-09,221733,40,2022-11-10T13:14:09Z,0.307,0.0321,10,0.105,0.000327,0.399,163.134,4,-7.579,0.416,0.468
3CLYqhN4ZmilUp1OFxzWDM,Sonífera ilha,Volume 02,Titãs,brazilian rock|hard rock brasileiro|mpb|pop rock brasileiro|rock nacional brasileiro|rock piauiense,1998-10-09,176560,37,2022-11-10T13:14:08Z,0.294,0.029,9,0.0378,6.65e-06,0.809,146.627,4,-7.782,0.619,0.937
35J9vakuC3f18QTolNAQ6E,Epitáfio,A Melhor Banda De Todos Os Tempos Da Última Semana,Titãs,brazilian rock|hard rock brasileiro|mpb|pop rock brasileiro|rock nacional brasileiro|rock piauiense,2001-04-04,175373,68,2022-11-10T13:13:46Z,0.481,0.0303,7,0.11,1.44e-05,0.611,111.813,4,-7.006,0.723,0.261
624ra5mDiibqvFYDK4yhmo,Mulher de fases,So No Forevis,Raimundos,brazilian punk|brazilian punk rock|brazilian rock|hard rock brasileiro|rock brasiliense|rock nacional brasileiro,1999,213333,67,2022-11-10T13:13:42Z,0.0122,0.0801,7,0.342,8.22e-06,0.967,131.939,4,-4.14,0.502,0.466
7xpDGoUGbtaquk5xMvzwTh,Telegrama,Pet Shop Mundo Cão,Zeca Baleiro,brazilian rock|mpb|musica maranhense,2002,266080,62,2022-11-10T13:13:39Z,0.117,0.0424,11,0.239,0.0463,0.501,94.514,4,-7.981,0.643,0.394
0aASUtDb1N96NJDwmWj5Gf,Anna Júlia,Los Hermanos,Los Hermanos,brazilian rock|mpb|nova mpb|rock alternativo brasileiro|rock nacional brasileiro,1999-06-05,212200,66,2022-11-10T13:13:35Z,0.0445,0.0385,3,0.0801,1.67e-05,0.817,148.234,4,-5.196,0.427,0.458
4pPoRiMLWhLtwMaKdu5U5v,Price Tag - Studio Version,Calma Aí Coração (Ao Vivo),Zeca Baleiro,brazilian rock|mpb|musica maranhense,2012-02-14,217903,45,2022-11-10T13:13:28Z,0.232,0.0458,2,0.216,0.0136,0.815,91.017,4,-5.157,0.701,0.826
1mSxbLW7fKABfeY4lGpg0E,Velha Infância - 2004 Digital Remaster,Tribalistas,Tribalistas,bossa nova|mpb|nova mpb,2002-01-01,250440,68,2022-11-10T13:13:21Z,0.457,0.0353,6,0.144,0.000168,0.616,113.02,4,-8.128,0.442,0.565
2GAFZG9Z7UGS1iMm4Idrnr,Apesar De Você,Chico Buarque,Chico Buarque,bossa nova|fado|mpb|tropicalia,1978-01-01,235547,63,2022-11-10T13:12:47Z,0.468,0.0683,4,0.362,0,0.574,107.821,4,-8.993,0.568,0.68
7xVSNhAUQhUIpwfR6lTOwA,Por Supuesto,De Primeira,Marina Sena,funk carioca|nova mpb|pop lgbtq+ brasileira,2021-08-19,186698,69,2022-11-10T13:12:40Z,0.665,0.0485,2,0.0751,4.94e-06,0.574,119.999,4,-6.383,0.825,0.824
4Ds4bq6aqOSAp1T7DikOi4,Ainda Há Tempo,Ainda Há Tempo,Criolo,afrobeat brasileiro|brazilian hip hop|brazilian rock|latin afrobeat|manguebeat,2016-05-24,318360,43,2022-11-10T10:22:59Z,0.281,0.345,6,0.0708,0,0.8,81.303,4,-7.528,0.58,0.483
127twwy3iCo1xBRQHyWetU,Cotidiano,Construção,Chico Buarque,bossa nova|fado|mpb|tropicalia,1971-01-01,168373,59,2022-11-10T10:22:54Z,0.38,0.0533,7,0.062,8.3e-06,0.835,89.855,4,-5.248,0.477,0.778
2OA4YzlN5FWUXcfRit9nmU,Cartão de Visita,Convoque Seu Buda,Criolo,afrobeat brasileiro|brazilian hip hop|brazilian rock|latin afrobeat|manguebeat,2014-05-24,205680,49,2022-11-10T10:22:53Z,0.0886,0.205,6,0.337,0,0.797,95.006,4,-4.945,0.797,0.949
5AKrqJ7RiOCfCaaCuxxGk0,Preciso Me Encontrar,Cartola (1976),Cartola,bossa nova|mpb|pagode|samba|velha guarda,1976-02-06,178507,61,2022-11-10T10:22:47Z,0.856,0.0594,2,0.142,0.499,0.493,77.05,4,-12.413,0.545,0.701
1qnHPZMREmCOdGXBL8OOr3,Jack Soul Brasileiro,Na Pressão,Lenine,bossa nova|manguebeat|mpb|nova mpb|nova musica pernambucana,1999-01-08,244400,43,2022-11-10T10:21:23Z,0.165,0.139,2,0.0865,0.00215,0.744,95.617,4,-5.926,0.717,0.612
7CdDIvw3jvjNaIs5m3mM4A,La Belle De Jour,Sete Desejos,Alceu Valença,manguebeat|mpb|nova musica pernambucana,1992-01-01,268760,67,2022-11-10T10:21:14Z,0.159,0.0348,0,0.167,0.000291,0.404,105.062,4,-12.54,0.644,0.689
41feqFyHhQyspSenai9S9N,São Gonça (Ao Vivo),"Musicas para Churrasco, Vol.1 (Ao Vivo) (Delux Edition)",Seu Jorge,mpb|samba|samba-rock,2012-01-01,325320,43,2022-11-10T10:20:58Z,0.752,0.0734,9,0.711,0,0.341,71.92,4,-10.187,0.432,0.248
7pdCDKs0i05N8ag4tAC5u5,Taj Mahal,Africa Brasil,Jorge Ben Jor,bossa nova|manguebeat|mpb|samba|samba-rock|tropicalia,1976-01-01,186933,50,2022-11-10T10:20:54Z,0.556,0.0556,6,0.596,0,0.703,136.704,4,-5.789,0.587,0.725
0Dmnb3C3GaGdyjlyWaWLDr,Panis Et Circenses,"""Os Mutantes""",Os Mutantes,bossa nova|brazilian rock|mpb|psicodelia brasileira|psychedelic rock|tropicalia,1968-01-01,220453,43,2022-11-10T10:20:52Z,0.0924,0.117,7,0.173,2.04e-06,0.862,114.051,4,-3.404,0.33,0.387
7cEfPAbju7glmdAgT4e1AU,Cajuína - Remixed Original Album,Cinema Transcendental,Caetano Veloso,bossa nova|mpb|samba de roda|tropicalia,1979-01-01,139933,57,2022-11-10T10:20:45Z,0.537,0.138,0,0.339,9.67e-06,0.234,115.936,4,-12.292,0.8,0.757
0Gj6ROsip9fKX9BTKSyVu6,Balada Do Louco,"""Mutantes E Seus Cometas No Pais Do Baurets""",Os Mutantes,bossa nova|brazilian rock|mpb|psicodelia brasileira|psychedelic rock|tropicalia,1972-01-01,240707,48,2022-11-10T10:20:39Z,0.54,0.0336,4,0.116,2.27e-06,0.458,148.804,4,-5.485,0.388,0.253
7ExawMDcRz2lMgNEjjYzdr,Yellow Submarine In Pepperland - Remastered 2009,Yellow Submarine (Remastered),George Martin,beatlesque,1969-01-17,134027,40,2022-11-10T10:20:19Z,0.808,0.0359,7,0.15,0.599,0.219,105.345,4,-13.155,0.406,0.271
4qsVPnhbvEooD1bSNqvvh0,Let It Be - Remastered 2015,1 (Remastered),The Beatles,beatlesque|british invasion|classic rock|merseybeat|psychedelic rock|rock,2000-11-13,230440,63,2022-11-10T10:20:12Z,0.58,0.0332,0,0.112,2.63e-05,0.436,139.848,4,-8.536,0.445,0.483
39shmbIHICJ2Wxnk1fPSdz,Should I Stay or Should I Go - Remastered,Combat Rock (Remastered),The Clash,classic rock|permanent wave|punk|rock,1982,188987,80,2022-11-10T10:19:59Z,0.0804,0.116,2,0.384,0,0.836,113.375,4,-6.465,0.743,0.82
3SdTKo2uVsxFblQjpScoHy,Stand by Me,Don't Play That Song (Mono),Ben E. King,adult standards|rock-and-roll|soul,1962-08-20,180056,80,2022-11-10T10:19:55Z,0.57,0.0393,9,0.0707,7.07e-06,0.306,118.068,4,-9.443,0.65,0.605
7bLMLwx6gJrCXoppD2YqOu,Subirusdoistiozin - Live,Criolo E Emicida Ao Vivo (Live),Criolo,afrobeat brasileiro|brazilian hip hop|brazilian rock|latin afrobeat|manguebeat,2013-01-01,211280,36,2022-11-10T10:19:20Z,0.602,0.31,4,0.862,4.35e-05,0.907,94.346,4,-5.619,0.569,0.562
6YWEeup1WUa8KQdnUmptbV,Partido Alto - Ao Vivo,Acústico (Ao Vivo),Cássia Eller,brazilian rock|mpb|nova mpb,2001-01-15,198559,47,2022-11-10T10:19:13Z,0.334,0.281,1,0.604,0,0.743,144.343,4,-8.014,0.718,0.845
5yqbISO0lUFwY3wdrLgiR0,Eu Gosto Dela,Emicidio,Emicida,afrofuturismo brasileiro|brazilian hip hop|brazilian rock|funk ostentacao|hip hop tuga|manguebeat|pop lgbtq+ brasileira,2010-09-15,197747,51,2022-11-10T10:19:00Z,0.314,0.212,9,0.239,1.37e-06,0.543,82.802,4,-9.222,0.695,0.725
78lTDfRCqtxSvByIRMiXF2,Pra não dizer que não falei das flores,Enciclopédia Musical Brasileira,Geraldo Vandre,bossa nova|mpb|velha guarda,2001-01-01,361360,48,2022-11-10T00:41:51Z,0.353,0.0472,3,0.127,0.0997,0.284,114.195,3,-15.206,0.525,0.306
4vcR50WHWkUu9GJm29DqCt,"Esquerda, Grana e Direita",Vira Lata na Via Lactea,Tom Zé,bossa nova|brazilian indie|mpb|nova mpb|rock baiano|samba|tropicalia|velha guarda,2014-11-04,204747,24,2022-11-10T00:40:53Z,0.71,0.0399,4,0.165,0,0.461,104.917,4,-7.641,0.85,0.663
0mFw06CCJKlAUEK1gf3O0m,Senhor cidadão,Dois Momentos - Vol.1,Tom Zé,bossa nova|brazilian indie|mpb|nova mpb|rock baiano|samba|tropicalia|velha guarda,1972,229467,36,2022-11-10T00:40:40Z,0.797,0.207,2,0.124,0,0.41,80.135,4,-10.802,0.517,0.501
38Bj0Csz52m6A4DXB568zx,Papa Perdoa Tom Zé,Vira Lata na Via Lactea,Tom Zé,bossa nova|brazilian indie|mpb|nova mpb|rock baiano|samba|tropicalia|velha guarda,2014-11-04,156920,37,2022-11-10T00:40:34Z,0.739,0.0442,0,0.112,0,0.467,107.996,4,-8.42,0.702,0.685
7nJuEpX0qlpKXxUK0ioIMj,Eu Nasci Há 10 Mil Anos Atrás,Há 10 Mil Anos Atrás,Raul Seixas,brazilian rock|mpb|psicodelia brasileira|rock baiano|rock nacional brasileiro,1976,288600,54,2022-11-10T00:40:03Z,0.194,0.258,9,0.494,0,0.956,135.172,4,-2.423,0.415,0.734
2Yk0HvfTaijA47aM0Fj88u,Metamorfose Ambulante,"""Krig-Ha, Bandolo""",Raul Seixas,brazilian rock|mpb|psicodelia brasileira|rock baiano|rock nacional brasileiro,1973-01-01,231240,65,2022-11-10T00:39:57Z,0.372,0.0304,2,0.179,0,0.587,135.913,4,-8.324,0.498,0.597
1ChLaVIFBoHv3V99lqIysK,Amor de Índio - Ao Vivo,Uma Travessia - 50 Anos de Carreira (Ao Vivo),Milton Nascimento,bossa nova|mpb|musica popular mineira,2013,179253,43,2022-11-10T00:39:32Z,0.881,0.0449,5,0.347,0.0568,0.416,129.005,3,-9.925,0.44,0.34
3TjdjYx5sBXrRdytJkzJJX,Mais Bonito Não Há,Mais Bonito Não Há,Milton Nascimento,bossa nova|mpb|musica popular mineira,2017-10-13,237479,58,2022-11-10T00:39:26Z,0.509,0.028,0,0.119,1.83e-06,0.364,119.815,4,-8.274,0.603,0.163
66NcpKY7XvuKztmld36Aao,Cais,Existe Amor,Milton Nascimento,bossa nova|mpb|musica popular mineira,2020-05-08,362761,35,2022-11-10T00:39:01Z,0.978,0.0413,4,0.101,0.0179,0.166,70.095,3,-11.837,0.332,0.0521
4B6JZ4LJq7RcWROpOihdv6,Não Existe Amor em SP,Existe Amor,Milton Nascimento,bossa nova|mpb|musica popular mineira,2020-05-08,347837,36,2022-11-10T00:38:58Z,0.941,0.0361,5,0.123,2.98e-05,0.246,117.084,4,-11.12,0.468,0.306
0VUgbCK0k8QWGpLiEV8YYZ,Cálice,Chico Buarque,Chico Buarque,bossa nova|fado|mpb|tropicalia,1978-01-01,241867,51,2022-11-10T00:38:50Z,0.848,0.0606,4,0.331,0,0.372,123.125,4,-9.391,0.596,0.293
7M2dW0OtPtMJgDJzn6qnZz,Nos Bailes Da Vida,Caçador De Mim,Milton Nascimento,bossa nova|mpb|musica popular mineira,1981-01-05,252133,43,2022-11-10T00:38:48Z,0.807,0.0416,4,0.166,0.0356,0.342,143.559,4,-14.294,0.623,0.539
64ZTy1DsCuYufxaBBUSFxA,"Fé Cega, Faca Amolada",Minas,Beto Guedes,bossa nova|mpb|musica popular mineira|pop nacional antigas,1975,278027,49,2022-11-10T00:38:44Z,0.0607,0.0397,2,0.0916,5.15e-06,0.455,129.33,4,-14.013,0.465,0.489
1UvOFJFyfsm2OJkE3s48fs,Cais,Clube Da Esquina,Milton Nascimento,bossa nova|mpb|musica popular mineira,1972-01-03,165333,50,2022-11-10T00:38:42Z,0.835,0.0303,8,0.239,0.000635,0.203,94.952,4,-16.722,0.486,0.141
1EK77FK4GGtFHZLH8G7lM3,Cacador De Mim,Caçador De Mim,Milton Nascimento,bossa nova|mpb|musica popular mineira,1981-01-05,230800,51,2022-11-10T00:38:37Z,0.731,0.0441,10,0.323,0.000899,0.374,117.089,4,-11.859,0.356,0.511
1nl13AcSpiCKdbkhtvJoo7,Maria Maria,Clube Da Esquina 2,Milton Nascimento,bossa nova|mpb|musica popular mineira,1978-01-02,184467,57,2022-11-10T00:38:35Z,0.61,0.0382,8,0.0672,1.23e-06,0.612,128.693,4,-8.168,0.468,0.767
6Gu7Si4FlbCSLC89DwHNoj,Canção Da América (Unencounter) - Acústico,A Festa (Acústico),Milton Nascimento,bossa nova|mpb|musica popular mineira,2018-09-21,245472,45,2022-11-10T00:38:31Z,0.859,0.0327,7,0.0912,0,0.137,96.549,4,-13.014,0.416,0.322
16Q58TTMLWLx29LDlQApEm,Rodo cotidiano,O silêncio que precede o esporro,O Rappa,brazilian hip hop|brazilian reggae|brazilian rock|latin alternative|rock nacional brasileiro,2003-11-13,373600,53,2022-11-10T00:37:56Z,0.0377,0.0345,4,0.106,0,0.815,98.926,4,-7.436,0.72,0.579
4udWxUu33DhKGP7uhSbUiN,Reza vela,O silêncio que precede o esporro,O Rappa,brazilian hip hop|brazilian reggae|brazilian rock|latin alternative|rock nacional brasileiro,2003-11-13,296640,56,2022-11-10T00:37:55Z,0.0321,0.0438,6,0.129,0.00173,0.886,87.268,4,-5.303,0.636,0.671
09ekFvUyVebZ1kyYt6oz28,Súplica cearense,7 Vezes,O Rappa,brazilian hip hop|brazilian reggae|brazilian rock|latin alternative|rock nacional brasileiro,2008-07-29,362187,59,2022-11-10T00:37:51Z,0.432,0.0679,6,0.194,0.00219,0.611,140.045,4,-9.131,0.715,0.691
7Hw6PwVBw9wDSZXy6B3fWb,Mar de gente,O silêncio que precede o esporro,O Rappa,brazilian hip hop|brazilian reggae|brazilian rock|latin alternative|rock nacional brasileiro,2003-11-13,335867,58,2022-11-10T00:37:49Z,0.0053,0.0381,11,0.233,0.258,0.878,108.615,4,-5.303,0.696,0.885
1UvWx2hgpxlF7HPbwLSmIY,Anjos (Pra quem tem fé),Nunca Tem Fim (Standard),O Rappa,brazilian hip hop|brazilian reggae|brazilian rock|latin alternative|rock nacional brasileiro,2013-08-15,419520,65,2022-11-10T00:37:45Z,0.144,0.0401,10,0.109,0.000133,0.82,105.019,4,-4.927,0.604,0.427
0lPWEt7kSY37pSUIH68ME0,Minha alma (A paz que eu não quero),Lado B Lado A,O Rappa,brazilian hip hop|brazilian reggae|brazilian rock|latin alternative|rock nacional brasileiro,1999-01-01,303773,66,2022-11-10T00:37:42Z,0.363,0.0897,9,0.272,1.39e-06,0.725,96.348,4,-6.179,0.664,0.659
2QGzg5htcf4b0NeSLbi0K6,Pescador de ilusões,Rappa-Mundi,O Rappa,brazilian hip hop|brazilian reggae|brazilian rock|latin alternative|rock nacional brasileiro,1996,245427,64,2022-11-10T00:37:40Z,0.0598,0.0326,1,0.205,3.5e-05,0.801,93.859,4,-8.366,0.698,0.905
1hEKZMz3paxLqTQ3cLGETD,Azul Da Cor Do Mar,Tim Maia,Tim Maia,bossa nova|brazilian boogie|brazilian soul|mpb|samba,1970-01-01,198840,0,2022-11-10T00:36:58Z,0.391,0.0425,9,0.23,0.00268,0.464,125.981,4,-7.703,0.493,0.398
0DJq9F4PSbBYQLZ9c7hcuv,Me dê Motivo - Ao Vivo,Tim Maia In Concert (Ao Vivo),Tim Maia,bossa nova|brazilian boogie|brazilian soul|mpb|samba,2007,432587,0,2022-11-10T00:36:52Z,0.0416,0.0459,7,0.691,0.00833,0.4,135.134,4,-12.572,0.472,0.0903
3O9bvZ8HpOP9DUthqDtuTh,O Descobridor dos Sete Mares - Ao Vivo,Tim Maia In Concert (Ao Vivo),Tim Maia,bossa nova|brazilian boogie|brazilian soul|mpb|samba,2007,296867,0,2022-11-10T00:36:50Z,0.0279,0.0967,10,0.959,0.00167,0.843,137.187,4,-7.547,0.591,0.813
2ma8V5vEOfCuyqZ0V8HAq3,Toda Forma de Amor,Toda Forma De Amor,Lulu Santos,brazilian rock|mpb|pop nacional,1988-08-15,225760,62,2022-11-10T00:36:20Z,0.113,0.0363,9,0.0957,8.82e-05,0.833,137.905,4,-5.631,0.674,0.827
26AEhGPNQ5VWZia1qyqc97,Não Chores Mais - Ao Vivo,Sandra De Sá Sem Limite,Sandra De Sá,axe|brazilian soul|mpb|pagode|pop nacional antigas|samba,2007-01-08,385933,26,2022-11-10T00:36:00Z,0.845,0.0332,0,0.725,0,0.32,124.328,4,-10.313,0.541,0.378
7JSFeWjBBXKduf6SV8rzwp,Olhos Coloridos - Ao Vivo,Música Preta Brasileira,Sandra De Sá,axe|brazilian soul|mpb|pagode|pop nacional antigas|samba,2003-01-01,295520,41,2022-11-10T00:35:54Z,0.598,0.064,5,0.911,0.00191,0.864,100.398,4,-6.801,0.702,0.803
3ed9gdGKIZXp4TFjsonebG,Back In Bahia,Expresso 2222,Gilberto Gil,bossa nova|mpb|samba|tropicalia|violao,1972-01-01,279200,0,2022-11-10T00:35:38Z,0.243,0.0617,2,0.0707,0.000125,0.621,138.272,4,-10.316,0.695,0.892
0L7urInJWJwBXrVeunHwCU,Aquele Abraço,Gilberto Gil (1969),Gilberto Gil,bossa nova|mpb|samba|tropicalia|violao,1969-01-01,323627,0,2022-11-10T00:35:35Z,0.341,0.136,2,0.242,0,0.621,84.916,4,-9.65,0.481,0.951
5HVzPjyroR9KXB8An6ipO3,A novidade,Anos 90 Nacional - iCollection,Gilberto Gil,bossa nova|mpb|samba|tropicalia|violao,2015-09-11,315520,0,2022-11-10T00:35:32Z,0.168,0.0427,9,0.622,1.28e-05,0.586,126.693,4,-10.648,0.655,0.696
3IRwLjfEmiZOkDvSiOP5hP,Expresso 2222,Expresso 2222,Gilberto Gil,bossa nova|mpb|samba|tropicalia|violao,1972-01-01,160733,0,2022-11-10T00:35:26Z,0.303,0.076,0,0.0941,0,0.52,111.654,4,-10.792,0.759,0.964
6XvNtDM8JqeypoP130puPk,Vamos Fugir (Give Me Your Love) (feat. Gilberto Gil) - Natiruts Reggae Brasil - Ao Vivo,Natiruts Reggae Brasil (Ao Vivo) [Deluxe],Natiruts,brazilian reggae|reggae tuga,2016-08-19,236827,51,2022-11-10T00:35:22Z,0.406,0.0513,6,0.952,0.00145,0.808,129.5,4,-7.309,0.519,0.712
5dZyLRIfy63eqUN1M9BDwI,Linda Rosa,Maria Gadú,Maria Gadú,mpb|nova mpb|umbanda,2009-07-20,158507,56,2022-11-10T00:35:01Z,0.747,0.0283,2,0.156,0,0.342,120.026,3,-9.72,0.692,0.39
4xISjdYpFEMsAFC2ax7OVE,Shimbalaiê,Maria Gadú,Maria Gadú,mpb|nova mpb|umbanda,2009-07-20,196907,57,2022-11-10T00:34:59Z,0.821,0.0452,0,0.0817,0,0.485,101.975,4,-9.604,0.743,0.512
0o7fuLnsvwiaWhDWjHvJor,Lanterna dos Afogados - Ao Vivo,Multishow Ao Vivo,Maria Gadú,mpb|nova mpb|umbanda,2010-11-20,217347,51,2022-11-10T00:34:55Z,0.671,0.0335,7,0.993,0.00143,0.608,102.221,4,-8.902,0.359,0.273
53YY29qEXjC25WWtkHKXZ6,Oração Ao Tempo,Mais uma Página,Maria Gadú,mpb|nova mpb|umbanda,2011-11-25,208573,52,2022-11-10T00:34:53Z,0.594,0.0371,0,0.111,8.85e-05,0.404,81.001,4,-9.584,0.382,0.232
1hmDsnhtabIjJPur68pu5Z,Bela Flor,Maria Gadú,Maria Gadú,mpb|nova mpb|umbanda,2009-07-20,183507,54,2022-11-10T00:34:51Z,0.77,0.0307,7,0.133,2.14e-05,0.46,101.981,4,-9.741,0.565,0.282
7Dq7nZVjT5obQKTG7CmaNf,Quase Sem Querer - Ao Vivo,Multishow Ao Vivo,Maria Gadú,mpb|nova mpb|umbanda,2010-11-20,206627,64,2022-11-10T00:34:48Z,0.829,0.0334,2,0.761,4.65e-05,0.382,96.006,4,-12.27,0.364,0.27
4eGOBCZyjEQ6WckqOVz0ES,Dona Cila,Maria Gadú,Maria Gadú,mpb|nova mpb|umbanda,2009-07-20,211080,62,2022-11-10T00:34:45Z,0.701,0.0321,0,0.121,4.34e-05,0.249,86.938,4,-10.506,0.538,0.249
0tVxzsIpzTIj41DTHAvFxs,Esotérico,Um banda um,Gilberto Gil,bossa nova|mpb|samba|tropicalia|violao,1982,262080,50,2022-11-10T00:34:23Z,0.339,0.0453,11,0.0993,0.244,0.397,110.527,4,-12.541,0.855,0.648
2MddJi3XeknnPQ0cyfLLIA,Drão,Um banda um,Gilberto Gil,bossa nova|mpb|samba|tropicalia|violao,1982,196307,54,2022-11-10T00:34:19Z,0.494,0.038,0,0.273,0.0952,0.342,114.918,4,-14.13,0.777,0.808
0ENvhTTww1MVOulrzuxSmu,Toda Menina Baiana,Realce,Gilberto Gil,bossa nova|mpb|samba|tropicalia|violao,1979-08-15,226640,58,2022-11-10T00:34:05Z,0.236,0.0398,11,0.116,3.86e-06,0.897,106.163,4,-4.969,0.692,0.968
3zcBNmJH6ToRCI0WNEIuES,Esperando na janela,"As canções de eu, tu, eles",Gilberto Gil,bossa nova|mpb|samba|tropicalia|violao,2000-01-01,256693,61,2022-11-10T00:34:01Z,0.201,0.0437,4,0.0753,0,0.647,156.28,4,-7.028,0.653,0.936
2BvDFQOl4JieEGK2cgKOey,Andar com fé,Um banda um,Gilberto Gil,bossa nova|mpb|samba|tropicalia|violao,1982,200960,61,2022-11-10T00:33:58Z,0.47,0.0514,1,0.46,0.000569,0.647,95.098,4,-6.682,0.774,0.965
6xudT1C5n47TeVlPXtf7xR,Monte Castelo - Live,As Quatro Estações - Ao Vivo (Live),Legião Urbana,brazilian rock|mpb|rock brasiliense|rock nacional brasileiro,2004-07-15,268227,36,2022-11-10T00:33:19Z,0.717,0.0419,0,0.985,0,0.701,91.11,4,-8.109,0.338,0.598
640YjSSg05O4Lsp91cysps,Geração Coca-Cola,As Quatro Estações - Ao Vivo,Legião Urbana,brazilian rock|mpb|rock brasiliense|rock nacional brasileiro,2004-01-01,146920,33,2022-11-10T00:33:16Z,0.0881,0.13,11,0.993,0.000541,0.996,189.35,4,-4.28,0.214,0.144
3N5VoWNA2TWay0UML62STK,Índios,As Quatro Estações - Ao Vivo,Legião Urbana,brazilian rock|mpb|rock brasiliense|rock nacional brasileiro,2004-01-01,278920,57,2022-11-10T00:33:13Z,0.082,0.0649,0,0.972,0,0.929,149.427,4,-5.633,0.369,0.791
194QWmi3n7OIbtnXzDd6Sx,Que Pais É Este,Mais Do Mesmo,Legião Urbana,brazilian rock|mpb|rock brasiliense|rock nacional brasileiro,1998-01-01,177533,53,2022-11-10T00:33:07Z,2.66e-05,0.0335,0,0.0967,0.221,0.799,145.508,4,-9.65,0.442,0.421
0dHTMMFAzlk164gZ7YB1rG,Hoje A Noite Não Tem Luar (Hoy Me Voy Para México) - Ao Vivo Em São Paulo / 1999,Acústico (Ao Vivo Em São Paulo / 1999),Legião Urbana,brazilian rock|mpb|rock brasiliense|rock nacional brasileiro,1999-06-23,272000,61,2022-11-10T00:33:03Z,0.707,0.0827,7,0.313,0,0.3,91.191,4,-11.804,0.606,0.457
6ttKOudrrD5yjt4saUjhNa,Faroeste Caboclo,Que Pais E Este,Legião Urbana,brazilian rock|mpb|rock brasiliense|rock nacional brasileiro,1987,547000,61,2022-11-10T00:33:01Z,0.0425,0.0629,7,0.252,2e-05,0.549,89.748,4,-12.956,0.43,0.444
2Pr6qNmiOxTdo8B6bs8x8x,Quase Sem Querer,Dois,Legião Urbana,brazilian rock|mpb|rock brasiliense|rock nacional brasileiro,1986-01-01,280467,65,2022-11-10T00:32:57Z,0.019,0.0402,7,0.0775,0.0482,0.65,90.673,4,-14.281,0.598,0.595
46s6p0tsgRBfzWriIg3w9o,Pais E Filhos,As Quatro Estações,Legião Urbana,brazilian rock|mpb|rock brasiliense|rock nacional brasileiro,1989,308800,66,2022-11-10T00:32:51Z,0.17,0.0273,7,0.0971,2.62e-05,0.263,89.873,4,-16.087,0.601,0.688
6Pa6VpdGS8OfiVOEnNAHHw,Eduardo E Mônica,Dois,Legião Urbana,brazilian rock|mpb|rock brasiliense|rock nacional brasileiro,1986-01-01,271440,66,2022-11-10T00:32:46Z,0.485,0.0389,9,0.112,0.000283,0.443,79.275,4,-12.776,0.671,0.589
7hkQhMFq4EOTYwX3I7cgmA,Será,Legião Urbana,Legião Urbana,brazilian rock|mpb|rock brasiliense|rock nacional brasileiro,1985-01-01,150467,69,2022-11-10T00:32:44Z,0.122,0.0647,0,0.324,0.00355,0.866,193.928,4,-10.628,0.281,0.42
7MnT7msJZg3XBAS0OTfGrB,Tempo Perdido,Dois,Legião Urbana,brazilian rock|mpb|rock brasiliense|rock nacional brasileiro,1986-01-01,302200,72,2022-11-10T00:32:41Z,0.0079,0.0486,4,0.271,0.00112,0.662,186.007,4,-13.076,0.293,0.221
3fACD4HoiywCRscYBqOVYZ,Canto Do Povo De Um Lugar - Remixed Original Album,Jóia,Caetano Veloso,bossa nova|mpb|samba de roda|tropicalia,1975-01-01,248707,36,2022-11-10T00:32:26Z,0.057,0.0363,0,0.213,0.00175,0.231,116.845,4,-14.841,0.421,0.183
7MK6sYlWniVj8D1mrAAIwb,A Ordem Natural das Coisas (feat. Mc Tha),AmarElo,Emicida,afrofuturismo brasileiro|brazilian hip hop|brazilian rock|funk ostentacao|hip hop tuga|manguebeat|pop lgbtq+ brasileira,2019-10-30,235867,55,2022-11-10T00:31:59Z,0.794,0.156,10,0.113,0.0161,0.575,86.078,4,-8.705,0.429,0.589
5p3LIyy38s0QQNoSTwbZXX,AmarElo (Sample: Sujeito de Sorte - Belchior),AmarElo,Emicida,afrofuturismo brasileiro|brazilian hip hop|brazilian rock|funk ostentacao|hip hop tuga|manguebeat|pop lgbtq+ brasileira,2019-10-30,320800,56,2022-11-10T00:31:54Z,0.0384,0.361,8,0.0239,8.63e-06,0.762,172.086,4,-6.367,0.552,0.512
0gGjX0aUg7OaUSAhi1CmDk,Passarinhos,"Sobre Crianças, Quadris, Pesadelos e Lições de Casa...",Emicida,afrofuturismo brasileiro|brazilian hip hop|brazilian rock|funk ostentacao|hip hop tuga|manguebeat|pop lgbtq+ brasileira,2015-08-07,221627,62,2022-11-10T00:31:51Z,0.062,0.157,1,0.109,0,0.677,159.959,4,-6.24,0.747,0.702
0aym2LBJBk9DAYuHHutrIl,Hey Jude - Remastered 2015,1 (Remastered),The Beatles,beatlesque|british invasion|classic rock|merseybeat|psychedelic rock|rock,2000-11-13,425653,75,2022-03-23T00:20:18Z,0.0112,0.0261,10,0.088,1.38e-05,0.607,147.207,4,-7.7,0.386,0.532
7iN1s7xHE4ifF5povM6A48,Let It Be - Remastered 2009,Let It Be (Remastered),The Beatles,beatlesque|british invasion|classic rock|merseybeat|psychedelic rock|rock,1970-05-08,243027,78,2022-03-23T00:20:17Z,0.631,0.0322,0,0.111,0,0.403,143.462,4,-8.339,0.443,0.41
6dGnYIeXmHdcikdzNNDMm2,Here Comes The Sun - Remastered 2009,Abbey Road (Remastered),The Beatles,beatlesque|british invasion|classic rock|merseybeat|psychedelic rock|rock,1969-09-26,185733,83,2022-03-23T00:20:15Z,0.0339,0.0347,9,0.179,0.00248,0.54,129.171,4,-10.484,0.557,0.394
1lWWoec2z1j88GRblI5anV,ZITTI E BUONI,ZITTI E BUONI,Måneskin,indie rock italiano|italian pop,2021-03-03,192655,62,2022-03-23T00:19:02Z,0.0014,0.0863,4,0.733,0,0.944,103.024,4,-3.082,0.62,0.592
3590AAEoqH50z4UmhMIY85,Torna a casa,Il ballo della vita,Måneskin,indie rock italiano|italian pop,2018-10-26,230667,70,2022-03-23T00:17:38Z,0.426,0.0759,1,0.177,0,0.638,81.396,4,-3.184,0.425,0.45
3Wrjm47oTz2sjIgck11l5e,Beggin',Chosen,Måneskin,indie rock italiano|italian pop,2017-12-08,211560,86,2022-03-23T00:17:32Z,0.127,0.0504,11,0.359,0,0.8,134.002,4,-4.808,0.714,0.589
4gMgiXfqyzZLMhsksGmbQV,"Another Brick in the Wall, Pt. 2",The Wall,Pink Floyd,album rock|art rock|classic rock|progressive rock|psychedelic rock|rock|symphonic rock,1979-11-30,238747,77,2022-03-23T00:17:10Z,0.0782,0.0428,0,0.247,0.000694,0.394,104.114,4,-15.882,0.693,0.721
6mFkJmJqdDVQ1REhVfGgd1,Wish You Were Here,Wish You Were Here,Pink Floyd,album rock|art rock|classic rock|progressive rock|psychedelic rock|rock|symphonic rock,1975-09-12,334744,77,2022-03-23T00:17:02Z,0.735,0.0414,7,0.832,0.0114,0.262,122.861,4,-15.73,0.481,0.375
2CoKGyZavJWTFUPyvWoj0b,O Que É O Que É?,Caminhos Do Coração,Gonzaguinha,bossa nova|mpb|pagode|pop nacional antigas|samba|velha guarda,1982-08-13,258987,62,2022-03-23T00:09:55Z,0.232,0.0405,9,0.0931,0,0.629,111.598,4,-10.461,0.669,0.924
57bgtoPSgt236HzfBOd8kj,Thunderstruck,The Razors Edge,AC/DC,australian rock|hard rock|rock,1990-09-24,292880,84,2022-03-23T00:09:15Z,0.000147,0.0364,4,0.217,0.0117,0.89,133.52,4,-5.175,0.502,0.259
0RO9W1xJoUEpq5MEelddFb,Stairway to Heaven - Remaster,Led Zeppelin IV (Remaster),Led Zeppelin,album rock|classic rock|hard rock|rock,1971-11-08,482830,60,2022-03-23T00:09:03Z,0.58,0.0339,9,0.116,0.0032,0.34,82.433,4,-12.049,0.338,0.197
2EqlS6tkEnglzr7tkKAAYD,Come Together - Remastered 2009,Abbey Road (Remastered),The Beatles,beatlesque|british invasion|classic rock|merseybeat|psychedelic rock|rock,1969-09-26,259947,78,2022-03-23T00:08:55Z,0.0302,0.0393,9,0.0926,0.248,0.376,165.007,4,-11.913,0.533,0.187
2LawezPeJhN4AWuSB0GtAU,Have You Ever Seen The Rain,Pendulum (Expanded Edition),Creedence Clearwater Revival,album rock|classic rock|country rock|rock|southern rock|swamp rock,1970-12-07,160133,85,2022-03-23T00:08:51Z,0.0664,0.0277,0,0.133,2.28e-05,0.697,116.109,4,-7.028,0.741,0.774
54flyrjcdnQdco7300avMJ,We Will Rock You - Remastered 2011,News Of The World (Deluxe Remastered Version),Queen,classic rock|glam rock|rock,1977-10-28,122067,70,2022-03-23T00:08:46Z,0.679,0.119,2,0.258,0,0.497,81.308,4,-7.316,0.693,0.473
2PzU4IB8Dr6mxV3lHuaG34,(I Can't Get No) Satisfaction - Mono Version,Out Of Our Heads,The Rolling Stones,british invasion|classic rock|rock,1965-07-30,222813,77,2022-03-23T00:08:40Z,0.0383,0.0338,2,0.128,0.0317,0.863,136.302,4,-7.89,0.723,0.931
40riOy7x9W7GXjyGp4pjAv,Hotel California - 2013 Remaster,Hotel California (2013 Remaster),Eagles,album rock|classic rock|country rock|folk rock|heartland rock|mellow gold|rock|singer-songwriter|soft rock|yacht rock,1976-12-08,391376,85,2022-03-23T00:08:34Z,0.00574,0.027,2,0.0575,0.000494,0.508,147.125,4,-9.484,0.579,0.609
0J6mQxEZnlRt9ymzFntA6z,Livin' On A Prayer,Slippery When Wet,Bon Jovi,glam metal|rock,1986-01-01,249293,0,2022-03-23T00:08:31Z,0.0768,0.0345,0,0.325,9.93e-05,0.887,122.494,4,-3.777,0.534,0.72
5MxNLUsfh7uzROypsoO5qe,Dream On,Aerosmith,Aerosmith,album rock|classic rock|hard rock|rock,1973-01-05,266960,84,2022-03-23T00:08:28Z,0.388,0.029,1,0.332,9.08e-05,0.433,160.9,4,-10.057,0.307,0.224
2zYzyRzz6pRmhPzyfMEC8s,Highway to Hell,Highway to Hell,AC/DC,australian rock|hard rock|rock,1979-07-27,208400,84,2022-03-23T00:08:24Z,0.061,0.133,6,0.156,0.00158,0.913,115.728,4,-4.793,0.574,0.423
0pZsmm7vcgt30GC44FoKie,Balada Do Louco,Bugre (1986),Ney Matogrosso,bossa nova|mpb|nova mpb|samba,1986-01-01,212907,43,2022-03-23T00:06:54Z,0.811,0.0421,4,0.138,1.61e-05,0.416,185.113,4,-8.721,0.332,0.187
7qvL8BbYdxvhOinapMiEeF,Poema,Olhos De Farol,Ney Matogrosso,bossa nova|mpb|nova mpb|samba,1999,262533,60,2022-03-23T00:06:49Z,0.728,0.0307,0,0.335,0.000362,0.563,124.181,4,-6.604,0.606,0.464
6JyyilCXZPb8fm0tQPqjUZ,Mulher do Fim do Mundo,A Mulher do Fim do Mundo,Elza Soares,bossa nova|mpb|nova mpb|pagode|samba|velha guarda,2015-10-03,277678,45,2022-03-23T00:06:38Z,0.608,0.0391,4,0.121,0.00145,0.551,156.021,4,-9.084,0.526,0.292
5YctcwZCRMxlIHDpTuqKOE,Baby - Ao Vivo,Baby (Ao Vivo),Gal Costa,bossa nova|mpb|samba|tropicalia,2020-07-31,187179,59,2022-03-23T00:06:26Z,0.777,0.0303,9,0.887,0,0.306,108.416,4,-11.173,0.495,0.356
0lGEWOZvMexZFXckBJxlVO,A Minha Menina,"""Os Mutantes""",Os Mutantes,bossa nova|brazilian rock|mpb|psicodelia brasileira|psychedelic rock|tropicalia,1968-01-01,284987,51,2022-03-23T00:05:57Z,0.0555,0.122,7,0.478,0,0.926,91.197,4,-3.204,0.463,0.437
1PJav3utD7mvErlUwKC40c,Flores astrais,Dois momentos,Secos & Molhados,bossa nova|mpb|nova mpb|psicodelia brasileira,1973,233560,42,2022-03-23T00:05:26Z,0.322,0.0317,2,0.126,0.0179,0.715,164.708,4,-8.974,0.422,0.586
22eHeLlCk3WTMzlbkQdIey,Amor,A volta de Secos & Molhados,Secos & Molhados,bossa nova|mpb|nova mpb|psicodelia brasileira,1973,136893,55,2022-03-23T00:05:21Z,0.0378,0.0419,5,0.0985,2.56e-05,0.65,100.663,4,-8.139,0.294,0.704
4c7m5TLZ61e4otG1fZ68XP,Rosa de Hiroshima,A volta de Secos & Molhados,Secos & Molhados,bossa nova|mpb|nova mpb|psicodelia brasileira,1973,121893,52,2022-03-23T00:05:19Z,0.632,0.0319,2,0.089,0.00422,0.0949,92.864,4,-16.346,0.522,0.706
2DREhftHdD8pRmNdSs6nyF,Sangue latino,A volta de Secos & Molhados,Secos & Molhados,bossa nova|mpb|nova mpb|psicodelia brasileira,1973,128000,66,2022-03-23T00:05:17Z,0.256,0.0295,2,0.16,0.00072,0.389,133.661,4,-9.786,0.574,0.905
3wyElammb2nsBW3C9fAkIk,Xiquexique,Com Defeito de Fabricação,Tom Zé,bossa nova|brazilian indie|mpb|nova mpb|rock baiano|samba|tropicalia|velha guarda,2007-03-26,325653,40,2022-03-23T00:05:12Z,0.175,0.0445,2,0.336,0.00556,0.898,104.954,4,-9.948,0.787,0.825
049WwnfBCmyG1JQsxB6dmc,Alucinação,Alucinação,Belchior,bossa nova|mpb|samba,2020-06-19,245067,15,2022-03-23T00:04:58Z,0.866,0.0376,4,0.104,0.000593,0.468,115.541,4,-5.984,0.612,0.435
5scGvEhNqShhwq8lZWciZb,Paralelas,Coração selvagem (1977),Belchior,bossa nova|mpb|samba,1977-01-01,258200,45,2022-03-23T00:04:45Z,0.801,0.0355,9,0.0955,0.00271,0.225,93.412,4,-11.024,0.269,0.165
74Rb8GLoyNYnjDIAnpUuhG,Velha Roupa Colorida,Alucinacao,Belchior,bossa nova|mpb|samba,1976-01-01,290000,47,2022-03-23T00:04:37Z,0.27,0.0372,7,0.26,0,0.228,140.169,4,-20.943,0.365,0.281
6lCcA1ugWuQPBCHXecSwc8,Alucinacao,Alucinacao,Belchior,bossa nova|mpb|samba,1976-01-01,294360,53,2022-03-23T00:04:31Z,0.418,0.0564,7,0.067,0,0.334,101.622,4,-18.603,0.541,0.606
1UsAjRCSavihMYsspqJz4e,Sujeito De Sorte,Alucinacao,Belchior,bossa nova|mpb|samba,1976-01-01,196560,59,2022-03-23T00:04:29Z,0.291,0.0988,4,0.067,0.000235,0.407,167.385,1,-19.041,0.455,0.442
5flYFbJweqUHlQjle7uRlI,Que Beleza,Que Beleza,Tim Maia,bossa nova|brazilian boogie|brazilian soul|mpb|samba,2012-07-03,208573,57,2022-03-23T00:04:18Z,0.314,0.0416,5,0.0769,0.458,0.547,160.879,4,-7.488,0.507,0.905
2RaGjLBahBx3PW7iPg8Mh0,Me Dê Motivo,O Descobridor Dos Sete Mares,Tim Maia,bossa nova|brazilian boogie|brazilian soul|mpb|samba,1983-01-03,335021,55,2022-03-23T00:04:15Z,0.278,0.0544,7,0.0761,1.6e-05,0.372,62.495,4,-13.319,0.607,0.419
6eDMElxeeKXs4DHTb0dGP0,Gostava Tanto De Você,Tim Maia 1973,Tim Maia,bossa nova|brazilian boogie|brazilian soul|mpb|samba,1973-01-08,256363,62,2022-03-23T00:04:10Z,0.0479,0.0993,9,0.0384,7.33e-05,0.886,89.234,4,-9.008,0.563,0.717
3BpiaGyTIb7VIoAYbvSzTH,Réu Confesso,Tim Maia 1973,Tim Maia,bossa nova|brazilian boogie|brazilian soul|mpb|samba,1973-01-08,217605,61,2022-03-23T00:04:09Z,0.0539,0.0522,0,0.292,0.0051,0.766,87.893,4,-9.89,0.536,0.758
6wpDQGn3Gl0j9Wt6D6mYvQ,O Descobridor Dos Sete Mares,O Descobridor Dos Sete Mares,Tim Maia,bossa nova|brazilian boogie|brazilian soul|mpb|samba,1983-01-03,265298,64,2022-03-23T00:04:07Z,0.0108,0.0718,10,0.305,0.00069,0.78,136.891,4,-8.306,0.643,0.963
4877bJ149OUJZHTiU5Jg8P,País Tropical,Jorge Ben,Jorge Ben Jor,bossa nova|manguebeat|mpb|samba|samba-rock|tropicalia,1969-01-20,250667,55,2022-03-23T00:03:51Z,0.492,0.144,0,0.408,0,0.799,82.794,4,-6,0.424,0.688
6U03Orwr5Dxt8jahLnQpYV,"Mas, Que Nada!",Samba Esquema Novo,Jorge Ben Jor,bossa nova|manguebeat|mpb|samba|samba-rock|tropicalia,1963-01-01,179293,59,2022-03-23T00:03:41Z,0.662,0.03,2,0.209,0.000199,0.511,89.499,4,-8.645,0.512,0.589
7Fw7VPZTX461fLYo72UkV1,You Don't Know Me,Transa,Caetano Veloso,bossa nova|mpb|samba de roda|tropicalia,1972-01-01,229133,50,2022-03-23T00:03:24Z,0.737,0.043,11,0.118,0.000357,0.463,123.402,4,-11.252,0.563,0.689
1gy8ONDPQu2H4k7kJh4zuW,Senhor cidadão,Tom Zé,Tom Zé,bossa nova|brazilian indie|mpb|nova mpb|rock baiano|samba|tropicalia|velha guarda,1972-01-01,229467,22,2022-03-23T00:03:02Z,0.797,0.207,2,0.124,0,0.41,80.135,4,-10.802,0.517,0.501
7CIrXIC3mNDyJtkz4ThSnL,Tá Escrito - Ao Vivo,Ofertório (Ao Vivo),Caetano Veloso,bossa nova|mpb|samba de roda|tropicalia,2018-05-25,153552,43,2022-03-23T00:01:39Z,0.902,0.0447,2,0.979,0,0.252,96.38,4,-13.829,0.584,0.709
2Z6R74YWSGzE1a0BMahvHV,Deusa Do Amor - Ao Vivo,Ofertório (Ao Vivo),Caetano Veloso,bossa nova|mpb|samba de roda|tropicalia,2018-05-25,294299,51,2022-03-23T00:01:37Z,0.943,0.0349,6,0.535,0.00156,0.123,80.001,5,-15.851,0.477,0.348
3OdMZmlgN8E2Yum4l1rnKN,Força Estranha - Ao Vivo,Ofertório (Ao Vivo),Caetano Veloso,bossa nova|mpb|samba de roda|tropicalia,2018-05-25,204375,42,2022-03-23T00:01:34Z,0.959,0.164,9,0.977,4.01e-06,0.0831,203.293,3,-16.914,0.503,0.369
0aqP8svLTFZb7UTRnSWO6L,How Beautiful Could A Being Be - Ao Vivo,Ofertório (Ao Vivo),Caetano Veloso,bossa nova|mpb|samba de roda|tropicalia,2018-05-25,221456,32,2022-03-23T00:01:30Z,0.819,0.0362,4,0.945,4.82e-05,0.45,93.683,4,-11.364,0.644,0.631
259qvAWilta7x2NqyywtSc,Não Me Arrependo - Ao Vivo,Ofertório (Ao Vivo),Caetano Veloso,bossa nova|mpb|samba de roda|tropicalia,2018-05-25,231631,32,2022-03-23T00:01:24Z,0.961,0.0622,2,0.698,0.000116,0.0752,170.696,3,-15.83,0.402,0.0892
4FU85A6Sz8CRBC9Z8W8oIU,Gente - Ao Vivo,Ofertório (Ao Vivo),Caetano Veloso,bossa nova|mpb|samba de roda|tropicalia,2018-05-25,211565,34,2022-03-23T00:01:20Z,0.928,0.0406,4,0.692,2.53e-06,0.147,132.411,4,-16.091,0.542,0.529
1yiQ58cQrQH2xLF2AuvFq2,Reconvexo - Ao Vivo,Ofertório (Ao Vivo),Caetano Veloso,bossa nova|mpb|samba de roda|tropicalia,2018-05-25,200046,53,2022-03-23T00:01:14Z,0.811,0.177,2,0.938,6.27e-05,0.573,177.849,4,-11.295,0.512,0.703
0gkeWFnkKD33PUusQO5osg,Ofertório - Ao Vivo,Ofertório (Ao Vivo),Caetano Veloso,bossa nova|mpb|samba de roda|tropicalia,2018-05-25,115790,36,2022-03-23T00:01:13Z,0.907,0.168,2,0.683,0.000148,0.0853,74.777,4,-17.683,0.53,0.327
2dyO1eHqaTjNCRBEK7eOlo,Oração Ao Tempo - Ao Vivo,Ofertório (Ao Vivo),Caetano Veloso,bossa nova|mpb|samba de roda|tropicalia,2018-05-25,225271,48,2022-03-23T00:01:10Z,0.849,0.102,2,0.69,0.00252,0.214,136.308,4,-16.138,0.77,0.456
6uTyql75fO49GqVRrBpi3s,O Seu Amor - Ao Vivo,Ofertório (Ao Vivo),Caetano Veloso,bossa nova|mpb|samba de roda|tropicalia,2018-05-25,249151,38,2022-03-23T00:01:02Z,0.958,0.0411,0,0.7,0.000177,0.0845,112.76,4,-17.561,0.553,0.131
5yEOl0huND3DBIWnb39Twf,Todo Homem - Ao Vivo,Ofertório (Ao Vivo),Zeca Veloso,musica triste brasileira,2018-05-25,221949,48,2022-03-23T00:01:01Z,0.991,0.0314,1,0.702,0.0255,0.186,105.24,4,-16.675,0.424,0.11
2GILq9nKM5XYWXRGCKGD6k,Domingo no Parque - Ao Vivo,"Dois Amigos, um Século de Música (Ao Vivo)",Caetano Veloso,bossa nova|mpb|samba de roda|tropicalia,2015-12-04,231120,26,2022-03-23T00:00:51Z,0.822,0.0365,7,0.988,0.000291,0.347,184.607,4,-9.979,0.433,0.472
4QSJt8Lh2eflUweuw0RN9a,Filhos de Gandhi - Ao Vivo,"Dois Amigos, um Século de Música (Ao Vivo)",Caetano Veloso,bossa nova|mpb|samba de roda|tropicalia,2015-12-04,239853,32,2022-03-23T00:00:48Z,0.851,0.0298,4,0.984,0.00419,0.506,99.685,4,-10.415,0.635,0.572
5N59N4bBMz3RC1p69N30zg,Andar com Fé - Ao Vivo,"Dois Amigos, um Século de Música (Ao Vivo)",Caetano Veloso,bossa nova|mpb|samba de roda|tropicalia,2015-12-04,209307,33,2022-03-23T00:00:46Z,0.85,0.0364,0,0.72,0.0335,0.478,101.911,4,-9.484,0.615,0.701
72Aa8W2QF3eT6buNfiTM4P,Nossa Gente (Avisa Lá) - Ao Vivo,"Dois Amigos, um Século de Música (Ao Vivo)",Caetano Veloso,bossa nova|mpb|samba de roda|tropicalia,2015-12-04,137867,33,2022-03-23T00:00:45Z,0.862,0.116,11,0.564,9.17e-06,0.484,183.649,4,-9.396,0.523,0.733
6Pcs7ZqfcgKEyugDbYh67c,Toda Menina Baiana - Ao Vivo,"Dois Amigos, um Século de Música (Ao Vivo)",Caetano Veloso,bossa nova|mpb|samba de roda|tropicalia,2015-12-04,274427,32,2022-03-23T00:00:43Z,0.77,0.0368,2,0.985,0.226,0.508,107.992,4,-9.338,0.531,0.834
1G9uYHi9XGiPAKP2SwKJV5,Expresso 2222 - Ao Vivo,"Dois Amigos, um Século de Música (Ao Vivo)",Caetano Veloso,bossa nova|mpb|samba de roda|tropicalia,2015-12-04,198693,28,2022-03-23T00:00:40Z,0.905,0.0457,3,0.981,0.138,0.402,111.911,4,-12.2,0.673,0.449
5qxjQbQmorMVXQFMof0Ont,Drão - Ao Vivo,"Dois Amigos, um Século de Música (Ao Vivo)",Caetano Veloso,bossa nova|mpb|samba de roda|tropicalia,2015-12-04,253147,37,2022-03-23T00:00:36Z,0.871,0.0386,0,0.969,0.16,0.399,79.111,3,-10.887,0.58,0.195
1TX5og7ekOX834NX38E4gk,Esotérico - Ao Vivo,"Dois Amigos, um Século de Música (Ao Vivo)",Caetano Veloso,bossa nova|mpb|samba de roda|tropicalia,2015-12-04,257213,41,2022-03-23T00:00:33Z,0.903,0.0428,2,0.706,0.0549,0.188,106.781,4,-14.416,0.659,0.425
09A6klhYGoRV3I6fBQ0kqD,Odeio - Ao Vivo,"Dois Amigos, um Século de Música (Ao Vivo)",Caetano Veloso,bossa nova|mpb|samba de roda|tropicalia,2015-12-04,178973,25,2022-03-23T00:00:29Z,0.894,0.0877,2,0.941,0.000875,0.305,140.353,4,-13.396,0.609,0.408
2xXSHzTBs5X9wwtsg7rcBt,Nine Out of Ten - Ao Vivo,"Dois Amigos, um Século de Música (Ao Vivo)",Caetano Veloso,bossa nova|mpb|samba de roda|tropicalia,2015-12-04,180027,27,2022-03-23T00:00:27Z,0.873,0.0424,7,0.954,5.7e-06,0.479,101.824,3,-9.612,0.612,0.415
6rAx35vUXk4gNg8omdZkPG,Tropicália - Ao Vivo,"Dois Amigos, um Século de Música (Ao Vivo)",Caetano Veloso,bossa nova|mpb|samba de roda|tropicalia,2015-12-04,213747,33,2022-03-23T00:00:22Z,0.905,0.264,10,0.705,0.000148,0.324,91.659,4,-10.597,0.659,0.467
3ab7KnHf7J35kq9cuunBqO,Você Não Me Ensinou a Te Esquecer,Lisbela e o Prisioneiro (Trilha Sonora),Caetano Veloso,bossa nova|mpb|samba de roda|tropicalia,2003-07-01,273293,49,2022-03-23T00:00:04Z,0.373,0.0421,0,0.154,1.28e-05,0.401,112.062,4,-12.432,0.445,0.0781
0Wv8IXRUDZOfmFJHC1VOFI,Eleanor Rigby - Remastered 2015,1 (Remastered),The Beatles,beatlesque|british invasion|classic rock|merseybeat|psychedelic rock|rock,2000-11-13,125867,58,2022-03-22T23:59:54Z,0.916,0.0327,0,0.359,0,0.314,138.148,4,-7.631,0.605,0.836
4IxgQDja21kgvgsFaO21oB,Elo,Cais (Edição Especial),Chapéu de Palha,nova mpb|nova musica amazonense,2022-03-18,209645,19,2022-03-22T23:59:37Z,0.8,0.0426,2,0.0895,0,0.326,109.905,4,-8.355,0.723,0.473
